member_id,provider_id,servico,bairro,cidade,nota
,00000000-0000-4000-bfae-d60451266125,chaveiro,Perdizes,São Paulo,"Instalou a minha, bom preço; a Leroy Merlin indica ele para instalação; Giba é fera demais"
,00000000-0000-4000-bfae-d60451266125,chaveiro,Perdizes,São Paulo,Ótimo serviço e preço; indicado pela Leroy Merlin
,00000000-0000-4000-bfae-d60451266125,chaveiro,Perdizes,São Paulo,Indicado pela rede de confiança do Platô Perdizes.
,00000000-0000-4000-bfae-d60451266125,chaveiro,Perdizes,São Paulo,Indicado pela rede de confiança do Platô Perdizes.
,00000000-0000-4000-b59e-f2402920f11d,vidraceiro,Perdizes,São Paulo,Excelente.
,00000000-0000-4000-b59e-f2402920f11d,vidraceiro,Perdizes,São Paulo,Orçamento para terraço de 140m; mesma faixa de preços de outros dois lugares
,00000000-0000-4000-b59e-f2402920f11d,vidraceiro,Perdizes,São Paulo,Faz a medição/orçamento do fechamento da sacada
,00000000-0000-4000-b59e-f2402920f11d,vidraceiro,Perdizes,São Paulo,"A mais em conta entre 5 empresas; recomendação pessoal da Amélia; proposta com 12mm e persiana, opção premium melhor que sistema de roldanas"
,00000000-0000-4000-b449-02a418c3f7e0,vidraceiro,Perdizes,São Paulo,Fizeram o varal com eles; muito bom; tem varal automático; ótimo atendimento; também fazem varal sob medida.
,00000000-0000-4000-b449-02a418c3f7e0,vidraceiro,Perdizes,São Paulo,Fiz as redes de proteção e varal com eles
,00000000-0000-4000-b449-02a418c3f7e0,vidraceiro,Perdizes,São Paulo,Tinham o melhor preço na época que instalei
,00000000-0000-4000-b449-02a418c3f7e0,vidraceiro,Perdizes,São Paulo,Realmente mto bons!
,00000000-0000-4000-bc33-ac63d13cfd04,marceneiro,Perdizes,São Paulo,"Muito querido, atende todas as solicitações, responde prontamente, atendimento nota 10; fechou móveis planejados para apto de 170m2; atendimento deles é tudo de bom; sempre ouviu falar bem da Kitchens"
,00000000-0000-4000-bc33-ac63d13cfd04,marceneiro,Perdizes,São Paulo,"Sensacional, ajuda demais no projeto; está conduzindo a marcenaria do outro apto e é ótimo"
,00000000-0000-4000-bc33-ac63d13cfd04,marceneiro,Perdizes,São Paulo,"Está conduzindo a marcenaria do outro apto, é ótimo"
,00000000-0000-4000-bc33-ac63d13cfd04,marceneiro,Perdizes,São Paulo,Indicado pela rede de confiança do Platô Perdizes.
,00000000-0000-4000-b773-3bc50c1dfbf6,reforma,Perdizes,São Paulo,"Empreiteiro, equipe ótima; deixa a par de tudo; é justo nos valores; sexto sentido de zero stress na obra"
,00000000-0000-4000-b773-3bc50c1dfbf6,reforma,Perdizes,São Paulo,Empreiteiro justo nos valores; deixa a par de tudo
,00000000-0000-4000-b773-3bc50c1dfbf6,reforma,Perdizes,São Paulo,"Empreiteiro recomendado, prevê zero stress na obra"
,00000000-0000-4000-b773-3bc50c1dfbf6,reforma,Perdizes,São Paulo,Empreiteiro recomendado
,00000000-0000-4000-bf46-348191c17712,confeitaria,Perdizes,São Paulo,Faz o bolo de coco mais incrível experimentado nos últimos tempos.
,00000000-0000-4000-bf46-348191c17712,confeitaria,Perdizes,São Paulo,Faz bolos gelados sensacionais; é uma delícia mesmo; as meninas estão viciadas.
,00000000-0000-4000-bf46-348191c17712,confeitaria,Perdizes,São Paulo,"É um espaço bom para festas, bem legal mesmo"
,00000000-0000-4000-bf46-348191c17712,confeitaria,Perdizes,São Paulo,Indicado pela rede de confiança do Platô Perdizes.
,00000000-0000-4000-b5ee-44e5c1a701be,tapeceiro,Perdizes,São Paulo,Indicado de olhos fechados; já fez do outro apto e de mais pessoas da família; custo benefício muito bom.
,00000000-0000-4000-b5ee-44e5c1a701be,tapeceiro,Perdizes,São Paulo,Ele e muito bom; custo beneficio que nao encontro igual
,00000000-0000-4000-b5ee-44e5c1a701be,tapeceiro,Perdizes,São Paulo,Já fez a cabeceira de vários aptos; custo benefício excelente
,00000000-0000-4000-b5ee-44e5c1a701be,tapeceiro,Perdizes,São Paulo,Indicado pela rede de confiança do Platô Perdizes.
,00000000-0000-4000-b70e-7e1d19f97acf,aquecedor a gás,Perdizes,São Paulo,Instalei de ilha; achei bem caprichosos
,00000000-0000-4000-b70e-7e1d19f97acf,aquecedor a gás,Perdizes,São Paulo,"Gostei muito; instalaram varios eletros, inclusive a coifa de ilha; muito caprichosos"
,00000000-0000-4000-b70e-7e1d19f97acf,aquecedor a gás,Perdizes,São Paulo,Foram muito caprichosos e preço bom
,00000000-0000-4000-b70e-7e1d19f97acf,aquecedor a gás,Perdizes,São Paulo,Gostei muito da LLA. Eles foram bem cuidadosos e foi o melhor preço que encontrei nas pesquisas
,00000000-0000-4000-bd00-89c31a3e642f,mudança,Perdizes,São Paulo,Fabio Xavier: tenho de içamento com preço adequado
,00000000-0000-4000-bd00-89c31a3e642f,mudança,Perdizes,São Paulo,"Usamos essa duas vezes, indicação do nosso marceneiro, deu tudo certo"
,00000000-0000-4000-bd00-89c31a3e642f,mudança,Perdizes,São Paulo,Indicado pela rede de confiança do Platô Perdizes.
,00000000-0000-4000-bd00-89c31a3e642f,mudança,Perdizes,São Paulo,Indicado pela rede de confiança do Platô Perdizes.
,00000000-0000-4000-bbfe-4639a20ddc93,vidraceiro,Perdizes,São Paulo,Dra Eduarda Chaves: Paguei 2mil
,00000000-0000-4000-bbfe-4639a20ddc93,vidraceiro,Perdizes,São Paulo,Estava mais barato; paguei 2 mil para o apto de 190
,00000000-0000-4000-bbfe-4639a20ddc93,vidraceiro,Perdizes,São Paulo,Indicado pela rede de confiança do Platô Perdizes.
,00000000-0000-4000-bbfe-4639a20ddc93,vidraceiro,Perdizes,São Paulo,Indicado pela rede de confiança do Platô Perdizes.
,00000000-0000-4000-bd1a-54a9ff81db18,personal organizer,Perdizes,São Paulo,Pegou a indicação no grupo e foi ótimo; é ótima; é maravilhosa.
,00000000-0000-4000-bd1a-54a9ff81db18,personal organizer,Perdizes,São Paulo,É ótima; é maravilhosa.
,00000000-0000-4000-bd1a-54a9ff81db18,personal organizer,Perdizes,São Paulo,Indicado pela rede de confiança do Platô Perdizes.
,00000000-0000-4000-bd1a-54a9ff81db18,personal organizer,Perdizes,São Paulo,Indicado pela rede de confiança do Platô Perdizes.
,00000000-0000-4000-b3bb-44e0c0a5f565,vidraceiro,Perdizes,São Paulo,Usaram para fechamento da varanda e deu tudo certo.
,00000000-0000-4000-b3bb-44e0c0a5f565,vidraceiro,Perdizes,São Paulo,Foi muito bom com prazos e bom custo/benefício; teve mais gente fazendo com eles
,00000000-0000-4000-b3bb-44e0c0a5f565,vidraceiro,Perdizes,São Paulo,Gostei muito deles; comprometidos com data e qualidade
,00000000-0000-4000-b3bb-44e0c0a5f565,vidraceiro,Perdizes,São Paulo,Indicado pela rede de confiança do Platô Perdizes.
,00000000-0000-4000-bc4c-47aabfbdc6dd,marmoraria,Perdizes,São Paulo,Excelente e fica no prédio em frente.
,00000000-0000-4000-bc4c-47aabfbdc6dd,marmoraria,Perdizes,São Paulo,Ótima podóloga que atende no prédio em frente
,00000000-0000-4000-bc4c-47aabfbdc6dd,marmoraria,Perdizes,São Paulo,No prédio em frente
,00000000-0000-4000-bc4c-47aabfbdc6dd,marmoraria,Perdizes,São Paulo,Indicado pela rede de confiança do Platô Perdizes.
,00000000-0000-4000-bce0-d684c971688f,vidraceiro,Perdizes,São Paulo,Indicação do tio que acabou de fechar a varanda no Sintonia; ficou muito bom; mediu unidades de 140 e 190
,00000000-0000-4000-bce0-d684c971688f,vidraceiro,Perdizes,São Paulo,Preço está ótimo (orçamento Plato Perdizes Final 3 e 4)
,00000000-0000-4000-bce0-d684c971688f,vidraceiro,Perdizes,São Paulo,Vizinhos em cima indicaram por já terem feito; preço muito bom
,00000000-0000-4000-bce0-d684c971688f,vidraceiro,Perdizes,São Paulo,Indicado pela rede de confiança do Platô Perdizes.
,00000000-0000-4000-bf05-978df88fa0a1,eletricista,Perdizes,São Paulo,Otimo custo beneficio
,00000000-0000-4000-bf05-978df88fa0a1,eletricista,Perdizes,São Paulo,Ótimo preço e comprometimento
,00000000-0000-4000-bf05-978df88fa0a1,eletricista,Perdizes,São Paulo,Indicado pela rede de confiança do Platô Perdizes.
,00000000-0000-4000-bf05-978df88fa0a1,eletricista,Perdizes,São Paulo,Indicado pela rede de confiança do Platô Perdizes.
,00000000-0000-4000-b57c-41e30b2344fb,aquecedor a gás,Perdizes,São Paulo,"Fechou VRF com ele para apto de 190 e recomenda demais; máquina Trane, sistema Wi-Fi com tela de controle; stand fica na Gabriel Monteiro; 'Thiago é sempre melhor'"
,00000000-0000-4000-b57c-41e30b2344fb,aquecedor a gás,Perdizes,São Paulo,Fechou máquina VRF e instalação com indicação dele; o mais em conta para VRF e de confiança
,00000000-0000-4000-b57c-41e30b2344fb,aquecedor a gás,Perdizes,São Paulo,Indicado pela rede de confiança do Platô Perdizes.
,00000000-0000-4000-b57c-41e30b2344fb,aquecedor a gás,Perdizes,São Paulo,Indicado pela rede de confiança do Platô Perdizes.
,00000000-0000-4000-b814-d4002a4a583f,vidraceiro,Perdizes,São Paulo,Já conheço o serviço; acho que tem espaço lá para pelo menos empatar.
,00000000-0000-4000-b814-d4002a4a583f,vidraceiro,Perdizes,São Paulo,Já conheço o serviço.
,00000000-0000-4000-b814-d4002a4a583f,vidraceiro,Perdizes,São Paulo,"Ricardo Uzal: Fechei com Aicon, zero problemas, entregou no prazo; Pri T.✌🏻: tá bom o preço deles tb"
,00000000-0000-4000-b814-d4002a4a583f,vidraceiro,Perdizes,São Paulo,Fiz na área técnica e gostei
,00000000-0000-4000-b754-fd747dcd2028,mudança,Perdizes,São Paulo,Foram ágeis no atendimento e preço OK; utilizada por indicação da arquiteta
,00000000-0000-4000-b754-fd747dcd2028,mudança,Perdizes,São Paulo,Ágeis no atendimento e preço OK; utilizada por indicação da arquiteta
,00000000-0000-4000-b754-fd747dcd2028,mudança,Perdizes,São Paulo,"Essa empresa trabalhou com agilidade de atendimento e preço compatível, recomendo. Tb fizemos com eles Rafael e foi ótimo!"
,00000000-0000-4000-b754-fd747dcd2028,mudança,Perdizes,São Paulo,Indicado pela rede de confiança do Platô Perdizes.
,00000000-0000-4000-b577-591c38065338,marmoraria,Perdizes,São Paulo,Trabalho com eles a anos. Muito bons.
,00000000-0000-4000-b577-591c38065338,marmoraria,Perdizes,São Paulo,Pode falar com Viviane
,00000000-0000-4000-b577-591c38065338,marmoraria,Perdizes,São Paulo,Indicado pela rede de confiança do Platô Perdizes.
,00000000-0000-4000-b577-591c38065338,marmoraria,Perdizes,São Paulo,Indicado pela rede de confiança do Platô Perdizes.
,00000000-0000-4000-b938-f1fc86409674,vidraceiro,Perdizes,São Paulo,Quem fechou com excluseven consegue o projeto ligando na Mansur
,00000000-0000-4000-b938-f1fc86409674,vidraceiro,Perdizes,São Paulo,Orçou com eles; colocou vidros de 12mm; é bom de negócio
,00000000-0000-4000-b938-f1fc86409674,vidraceiro,Perdizes,São Paulo,"Instalou tudo com 12mm, melhor opção principalmente para andares altos"
,00000000-0000-4000-b938-f1fc86409674,vidraceiro,Perdizes,São Paulo,Indicado pela rede de confiança do Platô Perdizes.
,00000000-0000-4000-bf01-73763e7da359,buffet,Perdizes,São Paulo,Top; pessoal é gente boa
,00000000-0000-4000-bf01-73763e7da359,buffet,Perdizes,São Paulo,Indicado pela rede de confiança do Platô Perdizes.
,00000000-0000-4000-bf01-73763e7da359,buffet,Perdizes,São Paulo,Indicado pela rede de confiança do Platô Perdizes.
,00000000-0000-4000-bf01-73763e7da359,buffet,Perdizes,São Paulo,Indicado pela rede de confiança do Platô Perdizes.
,00000000-0000-4000-b899-a884c287d709,aquecedor a gás,Perdizes,São Paulo,Indicação (persianas - resposta de outro assunto)
,00000000-0000-4000-b899-a884c287d709,aquecedor a gás,Perdizes,São Paulo,Indicado pela rede de confiança do Platô Perdizes.
,00000000-0000-4000-b899-a884c287d709,aquecedor a gás,Perdizes,São Paulo,Indicado pela rede de confiança do Platô Perdizes.
,00000000-0000-4000-b070-3d0f46efd9ee,tapeceiro,Perdizes,São Paulo,"Sr. José é ótimo, já fez trabalhos para vários moradores aqui do meu condomínio, inclusive pra mim"
,00000000-0000-4000-b070-3d0f46efd9ee,tapeceiro,Perdizes,São Paulo,Indicado pela rede de confiança do Platô Perdizes.
,00000000-0000-4000-b070-3d0f46efd9ee,tapeceiro,Perdizes,São Paulo,Indicado pela rede de confiança do Platô Perdizes.
,00000000-0000-4000-b686-44a936ddfe22,eletricista,Perdizes,São Paulo,Ele e otimo
,00000000-0000-4000-b686-44a936ddfe22,eletricista,Perdizes,São Paulo,Indicado pela rede de confiança do Platô Perdizes.
,00000000-0000-4000-b686-44a936ddfe22,eletricista,Perdizes,São Paulo,Indicado pela rede de confiança do Platô Perdizes.
,00000000-0000-4000-b4b3-c3af0334496c,pintor,Perdizes,São Paulo,"Super dedicada, cuidadosa e de confiança; mora na Tucuna; fica 1h entretendo os peludos e dá medicação se precisar"
,00000000-0000-4000-b4b3-c3af0334496c,pintor,Perdizes,São Paulo,Indicado pela rede de confiança do Platô Perdizes.
,00000000-0000-4000-b4b3-c3af0334496c,pintor,Perdizes,São Paulo,Indicado pela rede de confiança do Platô Perdizes.
,00000000-0000-4000-b0fe-43a9fac05f4d,marmoraria,Perdizes,São Paulo,Indicado pela rede de confiança do Platô Perdizes.
,00000000-0000-4000-b0fe-43a9fac05f4d,marmoraria,Perdizes,São Paulo,Indicado pela rede de confiança do Platô Perdizes.
,00000000-0000-4000-b0fe-43a9fac05f4d,marmoraria,Perdizes,São Paulo,Indicado pela rede de confiança do Platô Perdizes.
,00000000-0000-4000-b084-9210baa56d4a,vidraceiro,Perdizes,São Paulo,Indicado pela rede de confiança do Platô Perdizes.
,00000000-0000-4000-b084-9210baa56d4a,vidraceiro,Perdizes,São Paulo,Indicado pela rede de confiança do Platô Perdizes.
,00000000-0000-4000-b084-9210baa56d4a,vidraceiro,Perdizes,São Paulo,Indicado pela rede de confiança do Platô Perdizes.
,00000000-0000-4000-be8c-df0655f2f02a,cortinas,Perdizes,São Paulo,Contratou para limpeza pós obra; excelente; vai fazer com ela final de setembro depois da montagem dos móveis
,00000000-0000-4000-be8c-df0655f2f02a,cortinas,Perdizes,São Paulo,Indicado pela rede de confiança do Platô Perdizes.
,00000000-0000-4000-be8c-df0655f2f02a,cortinas,Perdizes,São Paulo,Indicado pela rede de confiança do Platô Perdizes.
,00000000-0000-4000-b46e-1b8d4a493194,aquecedor a gás,Perdizes,São Paulo,Comprei com eles na quarta dia 30 e eles já instalaram para mim hoje! Ótimo preço e atendimento
,00000000-0000-4000-b46e-1b8d4a493194,aquecedor a gás,Perdizes,São Paulo,Indicado pela rede de confiança do Platô Perdizes.
,00000000-0000-4000-b46e-1b8d4a493194,aquecedor a gás,Perdizes,São Paulo,Indicado pela rede de confiança do Platô Perdizes.
,00000000-0000-4000-b8fb-10ac16a3d22e,vidraceiro,Perdizes,São Paulo,"Fechou com ele sacadas, instalação de ar condicionado, espelhos e box"
,00000000-0000-4000-b8fb-10ac16a3d22e,vidraceiro,Perdizes,São Paulo,"Fez o fechamento de sacadas do Studio no Go Platô, fez o box e instalou o ar condicionado; ótimo preço"
,00000000-0000-4000-b8fb-10ac16a3d22e,vidraceiro,Perdizes,São Paulo,Instalou o ar condicionado no Studio do Go Platô; ótimo preço
,00000000-0000-4000-b030-c87f5f4b1c26,vidraceiro,Perdizes,São Paulo,"Super profissional, trabalha há anos no ramo"
,00000000-0000-4000-b030-c87f5f4b1c26,vidraceiro,Perdizes,São Paulo,Indicado pela rede de confiança do Platô Perdizes.
,00000000-0000-4000-b030-c87f5f4b1c26,vidraceiro,Perdizes,São Paulo,Indicado pela rede de confiança do Platô Perdizes.
,00000000-0000-4000-b49f-5b8f5db2bdf4,vidraceiro,Perdizes,São Paulo,"Dra Eduarda Chaves: só dele tirar sem você ter que pagar pra isso, já tá valendo"
,00000000-0000-4000-b49f-5b8f5db2bdf4,vidraceiro,Perdizes,São Paulo,Parece que também retira as portas de vidro
,00000000-0000-4000-b49f-5b8f5db2bdf4,vidraceiro,Perdizes,São Paulo,Indicado pela rede de confiança do Platô Perdizes.
,00000000-0000-4000-b739-f5c99e7a722f,eletricista,Perdizes,São Paulo,"Super recomendo o Roberto, ótimo serviço e preço excelente"
,00000000-0000-4000-b739-f5c99e7a722f,eletricista,Perdizes,São Paulo,Este Roberto é excelente eletricista
,00000000-0000-4000-b739-f5c99e7a722f,eletricista,Perdizes,São Paulo,Indicado pela rede de confiança do Platô Perdizes.
,00000000-0000-4000-b015-bd9bb66becac,aquecedor a gás,Perdizes,São Paulo,"Ele é muito bom, uso seus servicos há anos"
,00000000-0000-4000-b015-bd9bb66becac,aquecedor a gás,Perdizes,São Paulo,Indicado pela rede de confiança do Platô Perdizes.
,00000000-0000-4000-b015-bd9bb66becac,aquecedor a gás,Perdizes,São Paulo,Indicado pela rede de confiança do Platô Perdizes.
,00000000-0000-4000-b82c-56fa07946187,vidraceiro,Perdizes,São Paulo,"Depois de ter tomado um cano da GlassKit, o Renato da Enova instalou aqui pra mim, ele entregou em 15 dias. Gostei muito do serviço."
,00000000-0000-4000-b82c-56fa07946187,vidraceiro,Perdizes,São Paulo,Eu fiz com o Renato da Enova. Preço justo e rápido na entrega
,00000000-0000-4000-b82c-56fa07946187,vidraceiro,Perdizes,São Paulo,Fala com o Renato
,00000000-0000-4000-b7fd-ce4083526d53,aquecedor a gás,Perdizes,São Paulo,Me atendeu muito bem; fez de mais gente aqui no predio
,00000000-0000-4000-b7fd-ce4083526d53,aquecedor a gás,Perdizes,São Paulo,"Nos atendeu muito bem, instalou varios eletros (Dani); ele foi bem demais mesmo (Fabio)"
,00000000-0000-4000-b7fd-ce4083526d53,aquecedor a gás,Perdizes,São Paulo,Indicado pela rede de confiança do Platô Perdizes.
,00000000-0000-4000-bd01-80784260aac7,chaveiro,Perdizes,São Paulo,Vem ate o predio e resolve por cerca de 150/200 reais
,00000000-0000-4000-bd01-80784260aac7,chaveiro,Perdizes,São Paulo,"Fechamos com ele, bem próximo do Plato!; o Kpaz trocou o nosso. O cara é profissa"
,00000000-0000-4000-bd01-80784260aac7,chaveiro,Perdizes,São Paulo,Indicado pela rede de confiança do Platô Perdizes.
,00000000-0000-4000-ba08-99e58d3a725b,marmoraria,Perdizes,São Paulo,Felipe Alves comentou 'Esse é top'.
,00000000-0000-4000-ba08-99e58d3a725b,marmoraria,Perdizes,São Paulo,Indicado pela rede de confiança do Platô Perdizes.
,00000000-0000-4000-ba08-99e58d3a725b,marmoraria,Perdizes,São Paulo,Indicado pela rede de confiança do Platô Perdizes.
,00000000-0000-4000-b644-c7d04fbf5f77,eletricista,Perdizes,São Paulo,Comentado por João Duarte Platô: 'Esse eh fera'
,00000000-0000-4000-b644-c7d04fbf5f77,eletricista,Perdizes,São Paulo,Bom demais; monstro da elétrica e som
,00000000-0000-4000-b644-c7d04fbf5f77,eletricista,Perdizes,São Paulo,Indicado pela rede de confiança do Platô Perdizes.
,00000000-0000-4000-bda8-e470e7b10da5,pintor,Perdizes,São Paulo,Fizeram com ele e ficou excelente.
,00000000-0000-4000-bda8-e470e7b10da5,pintor,Perdizes,São Paulo,Contato da adesivação/envelopamento do elevador (resposta fora do tema do pedido)
,00000000-0000-4000-bda8-e470e7b10da5,pintor,Perdizes,São Paulo,Indicado pela rede de confiança do Platô Perdizes.
,00000000-0000-4000-b270-88c234096020,vidraceiro,Perdizes,São Paulo,Indicado pela rede de confiança do Platô Perdizes.
,00000000-0000-4000-b270-88c234096020,vidraceiro,Perdizes,São Paulo,Indicado pela rede de confiança do Platô Perdizes.
,00000000-0000-4000-b270-88c234096020,vidraceiro,Perdizes,São Paulo,Indicado pela rede de confiança do Platô Perdizes.
,00000000-0000-4000-b87a-328b5b3876e8,mudança,Perdizes,São Paulo,Super atenciosos e educados; vão 1 dia antes e embalam tudo; faz içamento
,00000000-0000-4000-b87a-328b5b3876e8,mudança,Perdizes,São Paulo,Foram muito bons
,00000000-0000-4000-b87a-328b5b3876e8,mudança,Perdizes,São Paulo,Indicado pela rede de confiança do Platô Perdizes.
,00000000-0000-4000-b45e-42367b79f266,chaveiro,Perdizes,São Paulo,"Nos resgatou aqui em nosso box. Entrega impecavel e prazo sem igual. Quem precisar, vai sem medo"
,00000000-0000-4000-b45e-42367b79f266,chaveiro,Perdizes,São Paulo,"Serviço rápido, limpo, quase silencioso e ele ainda explica bem"
,00000000-0000-4000-b45e-42367b79f266,chaveiro,Perdizes,São Paulo,Indicado pela rede de confiança do Platô Perdizes.
,00000000-0000-4000-b893-5a708c987db3,diarista,Perdizes,São Paulo,A Luciene e equipe foram muito cuidadosos e detalhistas; senti confiança nela; Não me arrependi; Foi o melhor preço que cotamos (+55 11 97625-0587)
,00000000-0000-4000-b893-5a708c987db3,diarista,Perdizes,São Paulo,Indicado pela rede de confiança do Platô Perdizes.
,00000000-0000-4000-b893-5a708c987db3,diarista,Perdizes,São Paulo,Indicado pela rede de confiança do Platô Perdizes.
,00000000-0000-4000-b045-ce1e4677e509,buffet,Perdizes,São Paulo,Comida e drinks top
,00000000-0000-4000-b045-ce1e4677e509,buffet,Perdizes,São Paulo,Indicado pela rede de confiança do Platô Perdizes.
,00000000-0000-4000-b045-ce1e4677e509,buffet,Perdizes,São Paulo,Indicado pela rede de confiança do Platô Perdizes.
,00000000-0000-4000-babb-499dd72c61e8,reforma,Perdizes,São Paulo,"Perfeita, acompanhou a obra sem nenhum problema, obra fluiu muito bem, projeto ficou perfeito."
,00000000-0000-4000-babb-499dd72c61e8,reforma,Perdizes,São Paulo,A minha é maravilhosa
,00000000-0000-4000-b05b-1958174fb5fb,massagista,Perdizes,São Paulo,Muito atenciosa e atende a domicílio.
,00000000-0000-4000-b05b-1958174fb5fb,massagista,Perdizes,São Paulo,Indicado pela rede de confiança do Platô Perdizes.
,00000000-0000-4000-b2e9-761e04cc860f,pintor,Perdizes,São Paulo,Fez o apartamento de 140m2 do indicante; é bom.
,00000000-0000-4000-b2e9-761e04cc860f,pintor,Perdizes,São Paulo,Indicado pela rede de confiança do Platô Perdizes.
,00000000-0000-4000-bdb6-e13eac6e7f74,buffet,Perdizes,São Paulo,Indicado pela rede de confiança do Platô Perdizes.
,00000000-0000-4000-bdb6-e13eac6e7f74,buffet,Perdizes,São Paulo,Indicado pela rede de confiança do Platô Perdizes.
,00000000-0000-4000-b1a7-0393fff69ef0,buffet,Perdizes,São Paulo,Sugerida para eventos/jantares em casa.
,00000000-0000-4000-b1a7-0393fff69ef0,buffet,Perdizes,São Paulo,Indicado pela rede de confiança do Platô Perdizes.
,00000000-0000-4000-bfa2-4829acf2d6b0,marmoraria,Perdizes,São Paulo,Recomendo
,00000000-0000-4000-bfa2-4829acf2d6b0,marmoraria,Perdizes,São Paulo,Indicado pela rede de confiança do Platô Perdizes.
,00000000-0000-4000-be5e-cb891bf9fe58,tapeceiro,Perdizes,São Paulo,Indicado pela rede de confiança do Platô Perdizes.
,00000000-0000-4000-be5e-cb891bf9fe58,tapeceiro,Perdizes,São Paulo,Indicado pela rede de confiança do Platô Perdizes.
,00000000-0000-4000-bec7-825f9631c895,diarista,Perdizes,São Paulo,Próximo ao metrô Vila Madalena.
,00000000-0000-4000-bec7-825f9631c895,diarista,Perdizes,São Paulo,Também é creche e hotel
,00000000-0000-4000-bb6a-cd714d53d53d,diarista,Perdizes,São Paulo,Indicado pela rede de confiança do Platô Perdizes.
,00000000-0000-4000-bb6a-cd714d53d53d,diarista,Perdizes,São Paulo,Indicado pela rede de confiança do Platô Perdizes.
,00000000-0000-4000-bb3d-805804611aef,cortinas,Perdizes,São Paulo,"Preco super bom, entregaram em 15 dias; o Paulo, dono da empresa, e pessoa super bacana e solicita"
,00000000-0000-4000-bb3d-805804611aef,cortinas,Perdizes,São Paulo,Recomenda dizer que foi a Arquiteta Marina Bonini quem indicou (mesmo prédio).
,00000000-0000-4000-b49b-109317d3a44f,reforma,Perdizes,São Paulo,Indicado pela rede de confiança do Platô Perdizes.
,00000000-0000-4000-b49b-109317d3a44f,reforma,Perdizes,São Paulo,Indicado pela rede de confiança do Platô Perdizes.
,00000000-0000-4000-b9c9-4d8806efe09b,reforma,Perdizes,São Paulo,Ele e muito bom
,00000000-0000-4000-b9c9-4d8806efe09b,reforma,Perdizes,São Paulo,Indicado pela rede de confiança do Platô Perdizes.
,00000000-0000-4000-b8c6-046d182d3cdc,eletricista,Perdizes,São Paulo,"Recomendamos, muito bom"
,00000000-0000-4000-b8c6-046d182d3cdc,eletricista,Perdizes,São Paulo,Indicado pela rede de confiança do Platô Perdizes.
,00000000-0000-4000-b1c1-4caf36ad30ba,eletricista,Perdizes,São Paulo,Indicado pela rede de confiança do Platô Perdizes.
,00000000-0000-4000-b1c1-4caf36ad30ba,eletricista,Perdizes,São Paulo,Indicado pela rede de confiança do Platô Perdizes.
,00000000-0000-4000-b8cc-2e864cb7808a,marmoraria,Perdizes,São Paulo,Favoritada pela indicante
,00000000-0000-4000-b8cc-2e864cb7808a,marmoraria,Perdizes,São Paulo,Indicado pela rede de confiança do Platô Perdizes.
,00000000-0000-4000-b1d9-5a789dd4398d,marmoraria,Perdizes,São Paulo,Preco bom; otima assistencia
,00000000-0000-4000-b1d9-5a789dd4398d,marmoraria,Perdizes,São Paulo,São de primeira e o preço justo; fizeram a casa inteira.
,00000000-0000-4000-b627-725fb7a986c0,pintor,Perdizes,São Paulo,Esse menino vai muito bem; cobra a diaria e o material voce fornece; valor da diaria muito bom
,00000000-0000-4000-b627-725fb7a986c0,pintor,Perdizes,São Paulo,Indicado pela rede de confiança do Platô Perdizes.
,00000000-0000-4000-b862-af0c8a1a3532,ginecologista,Perdizes,São Paulo,"Fica na Padre Chico, a 1 quadra do prédio"
,00000000-0000-4000-b862-af0c8a1a3532,ginecologista,Perdizes,São Paulo,Indicado pela rede de confiança do Platô Perdizes.
,00000000-0000-4000-b81b-c33dd3408246,médico,Perdizes,São Paulo,Na Desembargador
,00000000-0000-4000-b81b-c33dd3408246,médico,Perdizes,São Paulo,Indicado pela rede de confiança do Platô Perdizes.
,00000000-0000-4000-bb7a-a93d111419ef,pet shop,Perdizes,São Paulo,"Super conhecida no bairro; ela e o marido moram na Caraíbas e passeiam com cachorros, cuidam deles/gatos em casa nas viagens"
,00000000-0000-4000-bb7a-a93d111419ef,pet shop,Perdizes,São Paulo,É bem conhecida na região; também passeia com cachorros
,00000000-0000-4000-bd08-4d1e042fc052,diarista,Perdizes,São Paulo,Indicado pela rede de confiança do Platô Perdizes.
,00000000-0000-4000-bd08-4d1e042fc052,diarista,Perdizes,São Paulo,Indicado pela rede de confiança do Platô Perdizes.
,00000000-0000-4000-b0f6-e7463d901f26,diarista,Perdizes,São Paulo,"Diarista muito boa, com 2 dias disponíveis"
,00000000-0000-4000-b0f6-e7463d901f26,diarista,Perdizes,São Paulo,Faxina recomendação
,00000000-0000-4000-b6e0-ade60c0db153,reforma,Perdizes,São Paulo,Ele mesmo retirou tudo e levou
,00000000-0000-4000-b6e0-ade60c0db153,reforma,Perdizes,São Paulo,Indico! Veio hoje no horário combinado e bem cuidadoso para tirar tudo.
,00000000-0000-4000-bd05-452ce69553b1,mudança,Perdizes,São Paulo,Indicado para içar peças (içou 260x120).
,00000000-0000-4000-bd05-452ce69553b1,mudança,Perdizes,São Paulo,Indicado pela rede de confiança do Platô Perdizes.
,00000000-0000-4000-b872-d86bc28b4053,marceneiro,Perdizes,São Paulo,"Ele é muito caprichoso. Ele arrumou uma porta aqui em casa (memetizada, bem desafiadora)"
,00000000-0000-4000-b872-d86bc28b4053,marceneiro,Perdizes,São Paulo,Indicado pela rede de confiança do Platô Perdizes.
,00000000-0000-4000-b9af-06cc76a259f6,professor,Perdizes,São Paulo,"Dá aula de várias matérias, faz Poli; deu aula para a filha e foi entendendo como ela pensava; muito legal."
,00000000-0000-4000-b9af-06cc76a259f6,professor,Perdizes,São Paulo,Indicado pela rede de confiança do Platô Perdizes.
,00000000-0000-4000-b1de-00375b16ed18,vidraceiro,Perdizes,São Paulo,Fez lavanderia e box.
,00000000-0000-4000-b1de-00375b16ed18,vidraceiro,Perdizes,São Paulo,"Box fiz e fechamento lavanderia, cozinha fiz com o Claiton"
,00000000-0000-4000-be8b-36fbf36ac282,cortinas,Perdizes,São Paulo,"Muito bom, preço bom; vem até o local com amostras."
,00000000-0000-4000-be8b-36fbf36ac282,cortinas,Perdizes,São Paulo,"+55 11 99233-2319: Muito bom, rápido, prático, bom preço e qualidade; +55 11 99975-3013: Ótima"
,00000000-0000-4000-b869-7235c7f66a78,marceneiro,Perdizes,São Paulo,"Super atenciosa; a Grecco tem marcenaria junto, faz tudo"
,00000000-0000-4000-b869-7235c7f66a78,marceneiro,Perdizes,São Paulo,Indicado pela rede de confiança do Platô Perdizes.
,00000000-0000-4000-bd48-becd723f5b02,marceneiro,Perdizes,São Paulo,Se tiver o projeto vale a pena orçar com ele
,00000000-0000-4000-bd48-becd723f5b02,marceneiro,Perdizes,São Paulo,Indicado pela rede de confiança do Platô Perdizes.
,00000000-0000-4000-b1de-b7a6f53d2359,marceneiro,Perdizes,São Paulo,Indicado pela rede de confiança do Platô Perdizes.
,00000000-0000-4000-b1de-b7a6f53d2359,marceneiro,Perdizes,São Paulo,Indicado pela rede de confiança do Platô Perdizes.
,00000000-0000-4000-bcf1-ef3d3ed1c0b1,reforma,Perdizes,São Paulo,Cobra valor fixo
,00000000-0000-4000-bcf1-ef3d3ed1c0b1,reforma,Perdizes,São Paulo,Passou um orçamento beeem mais em conta que estes
,00000000-0000-4000-bdc2-79fe30ea316d,vidraceiro,Perdizes,São Paulo,Preço dela tá bom
,00000000-0000-4000-bdc2-79fe30ea316d,vidraceiro,Perdizes,São Paulo,Indicado pela rede de confiança do Platô Perdizes.
,00000000-0000-4000-b1fa-f76fe0d73fd7,marmoraria,Perdizes,São Paulo,Mesmo prédio do arquiteto Alexandre; fizeram as bancadas dele
,00000000-0000-4000-b1fa-f76fe0d73fd7,marmoraria,Perdizes,São Paulo,Indicado pela rede de confiança do Platô Perdizes.
,00000000-0000-4000-b399-9842f2b85b93,vidraceiro,Perdizes,São Paulo,Serralheiro muito bom.
,00000000-0000-4000-b399-9842f2b85b93,vidraceiro,Perdizes,São Paulo,Trabalha muito bem. (Hugo). Mas pesquise.
,00000000-0000-4000-b0a4-65a2a930d349,encanador,Perdizes,São Paulo,Deve iniciar com as unidades de final 2 e 4
,00000000-0000-4000-b0a4-65a2a930d349,encanador,Perdizes,São Paulo,Indicado pela rede de confiança do Platô Perdizes.
,00000000-0000-4000-bf54-abf5d6284dbf,serviços gerais,Perdizes,São Paulo,Indicado pela rede de confiança do Platô Perdizes.
,00000000-0000-4000-bf54-abf5d6284dbf,serviços gerais,Perdizes,São Paulo,Indicado pela rede de confiança do Platô Perdizes.
,00000000-0000-4000-b2ca-607d95f6f99c,diarista,Perdizes,São Paulo,Fechamos com elas. Elas fazem a mudança e organizam tudo…
,00000000-0000-4000-b2ca-607d95f6f99c,diarista,Perdizes,São Paulo,Indicado pela rede de confiança do Platô Perdizes.
,00000000-0000-4000-bdfc-842270c11ff5,diarista,Perdizes,São Paulo,Personal organizer
,00000000-0000-4000-bdfc-842270c11ff5,diarista,Perdizes,São Paulo,Indicado pela rede de confiança do Platô Perdizes.
,00000000-0000-4000-b9f5-53a893a26db7,mudança,Perdizes,São Paulo,o Bruno que faz remoção de entulho vai estar no prédio sexta. Quem tiver pouca coisa pra tirar ele já aproveita e faz um preço bacana. Falou que se for um pouco de cada faz 300
,00000000-0000-4000-b9f5-53a893a26db7,mudança,Perdizes,São Paulo,Indicado pela rede de confiança do Platô Perdizes.
,00000000-0000-4000-be8a-95babccd336b,vidraceiro,Perdizes,São Paulo,Guilherme: ele entrega rápido e dá garantia; o box saiu abaixo do preço da concorrência; gosto dele pq é bem atencioso e faz o ajuste que precisar; fechamos os box também com ele; material super bom e cumpriu o prazo
,00000000-0000-4000-be8a-95babccd336b,vidraceiro,Perdizes,São Paulo,Guilherme: gosto dele pq é bem atencioso e faz o ajuste que precisar
,00000000-0000-4000-b658-0c3d8cc67213,chaveiro,Perdizes,São Paulo,Indicado pela rede de confiança do Platô Perdizes.
,00000000-0000-4000-b658-0c3d8cc67213,chaveiro,Perdizes,São Paulo,Indicado pela rede de confiança do Platô Perdizes.
,00000000-0000-4000-b72f-4c2b99f26c0e,cortinas,Perdizes,São Paulo,Faz tapetes e cortinas; tem ateliê na Vila Ipojuca; preço muito bom
,00000000-0000-4000-b72f-4c2b99f26c0e,cortinas,Perdizes,São Paulo,"Tem ateliê na Vila Ipojuca, bem pertinho; tem cortinas, tapetes; vale o custo-benefício; segundo apto que faz com ela"
,00000000-0000-4000-b5a7-e280e5c4ed98,diarista,Perdizes,São Paulo,"Este rapaz fez a casa de um grande amigo nosso. Ele é muito bom. Se falar com ele, diga que quem indicou foi o Dennis(Denão), amigo do Georgetti."
,00000000-0000-4000-b5a7-e280e5c4ed98,diarista,Perdizes,São Paulo,Indicado pela rede de confiança do Platô Perdizes.
,00000000-0000-4000-ba9e-ab6ecf9d3602,marmoraria,Perdizes,São Paulo,Carolina fez com ela e também indica.
,00000000-0000-4000-ba9e-ab6ecf9d3602,marmoraria,Perdizes,São Paulo,Indicado pela rede de confiança do Platô Perdizes.
,00000000-0000-4000-b000-c85544eeaf20,médico,Perdizes,São Paulo,"Super recomendo, honestidade e qualidade; Dani também usa"
,00000000-0000-4000-b000-c85544eeaf20,médico,Perdizes,São Paulo,Indicado pela rede de confiança do Platô Perdizes.
,00000000-0000-4000-b773-6f653ba32bd9,pet shop,Perdizes,São Paulo,Levam lá às vezes; gostou; Dani levou a gata e gostou muito do banho.
,00000000-0000-4000-b773-6f653ba32bd9,pet shop,Perdizes,São Paulo,Indicado pela rede de confiança do Platô Perdizes.
,00000000-0000-4000-bf11-a8fe7c450932,pet shop,Perdizes,São Paulo,Está levando no Clube 4 e gostando muito.
,00000000-0000-4000-bf11-a8fe7c450932,pet shop,Perdizes,São Paulo,Indicado pela rede de confiança do Platô Perdizes.
,00000000-0000-4000-b13b-fbf30e3b6b84,buffet,Perdizes,São Paulo,Sempre pedem lá e gostam muito; também acha ótimo.
,00000000-0000-4000-b13b-fbf30e3b6b84,buffet,Perdizes,São Paulo,Indicado pela rede de confiança do Platô Perdizes.
,00000000-0000-4000-bbd7-cdff3583b751,aquecedor a gás,Perdizes,São Paulo,Indica alguém da equipe da Even na transição
,00000000-0000-4000-bbd7-cdff3583b751,aquecedor a gás,Perdizes,São Paulo,Indicado pela rede de confiança do Platô Perdizes.
,00000000-0000-4000-bbe7-64395116f9c9,aquecedor a gás,Perdizes,São Paulo,Melhor preço; entregou em 2 dias
,00000000-0000-4000-bbe7-64395116f9c9,aquecedor a gás,Perdizes,São Paulo,Indicado pela rede de confiança do Platô Perdizes.
,00000000-0000-4000-b3bf-1013964090f7,assistência técnica,Perdizes,São Paulo,"Atende há anos, fica pertinho, são sérios e serviço impecável."
,00000000-0000-4000-b733-f202f5aab5c6,encanador,Perdizes,São Paulo,Trabalha muito bem.
,00000000-0000-4000-b039-666f7027d9d2,cortinas,Perdizes,São Paulo,"Indicado pela arquiteta; melhor orçamento, instalação ótima e tudo automatizado, valeu muito a pena."
,00000000-0000-4000-b92d-e0fd28f5e929,confeitaria,Perdizes,São Paulo,Faz todos os mesversários da filha da indicante; deu certo e salvou o pedido.
,00000000-0000-4000-bfb8-c7020299ad16,confeitaria,Perdizes,São Paulo,Os bolos da Carol são perfeitos.
,00000000-0000-4000-bdf4-52469fcddc38,confeitaria,Perdizes,São Paulo,Bolos maravilhosos.
,00000000-0000-4000-b792-ad5141fa11ca,buffet,Perdizes,São Paulo,Indicado pela rede de confiança do Platô Perdizes.
,00000000-0000-4000-b6d2-1b3f8271d434,personal organizer,Perdizes,São Paulo,Indicado pela rede de confiança do Platô Perdizes.
,00000000-0000-4000-b292-463a611ade14,marmoraria,Perdizes,São Paulo,Gostaram bastante; honestos e trabalham bem.
,00000000-0000-4000-bc42-a8cfec83f202,marmoraria,Perdizes,São Paulo,Indicado pela rede de confiança do Platô Perdizes.
,00000000-0000-4000-bc4b-d02d41a59880,buffet,Perdizes,São Paulo,Indicado pela rede de confiança do Platô Perdizes.
,00000000-0000-4000-bc85-ae6a08c68268,pizzaria,Perdizes,São Paulo,Indicado pela rede de confiança do Platô Perdizes.
,00000000-0000-4000-bb14-3d273fdc7c44,pizzaria,Perdizes,São Paulo,Indicado pela rede de confiança do Platô Perdizes.
,00000000-0000-4000-b013-189b189c0bf4,pizzaria,Perdizes,São Paulo,Indicado pela rede de confiança do Platô Perdizes.
,00000000-0000-4000-b1e3-3a2e3faaaf62,marceneiro,Perdizes,São Paulo,Indicado pela rede de confiança do Platô Perdizes.
,00000000-0000-4000-be9c-d4b77f0edc2a,eletricista,Perdizes,São Paulo,Indicado pela rede de confiança do Platô Perdizes.
,00000000-0000-4000-b2f9-8ec06dc2796d,dentista,Perdizes,São Paulo,Muito bom.
,00000000-0000-4000-b63a-67b8e10ed189,dentista,Perdizes,São Paulo,"Muito boa; também odontopediatra, maravilhosa para crianças."
,00000000-0000-4000-bbfd-c65fad38650c,mudança,Perdizes,São Paulo,Cara muito bacana e cuidadoso; pode falar em nome da indicante.
,00000000-0000-4000-bb54-e6c4dbdadea8,tapeceiro,Perdizes,São Paulo,Indicado pela rede de confiança do Platô Perdizes.
,00000000-0000-4000-b96f-4e893fa93acf,diarista,Perdizes,São Paulo,Indicado pela rede de confiança do Platô Perdizes.
,00000000-0000-4000-bb52-c88cc51d2b66,tapeceiro,Perdizes,São Paulo,Já usou o serviço.
,00000000-0000-4000-b301-2460fb9ea13c,cortinas,Perdizes,São Paulo,Indicado pela rede de confiança do Platô Perdizes.
,00000000-0000-4000-b6c4-7ba4e3d1b494,cortinas,Perdizes,São Paulo,Indicado pela rede de confiança do Platô Perdizes.
,00000000-0000-4000-b6c0-43567489c038,cortinas,Perdizes,São Paulo,Indicado pela rede de confiança do Platô Perdizes.
,00000000-0000-4000-bfde-38a672077cf5,diarista,Perdizes,São Paulo,Indicado pela rede de confiança do Platô Perdizes.
,00000000-0000-4000-bed5-ef491856dcd7,reforma,Perdizes,São Paulo,Indicado pela rede de confiança do Platô Perdizes.
,00000000-0000-4000-bd54-5b47a46d18dd,eletricista,Perdizes,São Paulo,Excelente no geral do apartamento; simplicidade e conhecimento de como melhorar o projeto respeitando as etapas da obra; quadro de energia bem feito e tudo diagnosticado
,00000000-0000-4000-b56d-587883f54355,eletricista,Perdizes,São Paulo,Muito bom e preco justo
,00000000-0000-4000-bd53-d61a8c425438,material de construção,Perdizes,São Paulo,"Furou muito rapido, no max 3 horas para iniciar e finalizar; ficou funcional"
,00000000-0000-4000-b90c-53111f1bb7d7,eletricista,Perdizes,São Paulo,Indicado pela rede de confiança do Platô Perdizes.
,00000000-0000-4000-b82a-2eaa81ad8c14,eletricista,Perdizes,São Paulo,Indicado pela rede de confiança do Platô Perdizes.
,00000000-0000-4000-b94b-7952879866da,dedetização,Perdizes,São Paulo,"Preco super bom e de confianca; cobra R$ 300,00 na casa grande dela"
,00000000-0000-4000-b579-ab228fec4b78,pintor,Perdizes,São Paulo,Indicado pela rede de confiança do Platô Perdizes.
,00000000-0000-4000-bcea-9a01bf8eed7c,pintor,Perdizes,São Paulo,Ele e muito caprichoso e justo
,00000000-0000-4000-b6d7-a8e81d6e64b5,corretor,Perdizes,São Paulo,Indicado pela rede de confiança do Platô Perdizes.
,00000000-0000-4000-b53f-02e8b8ed22b1,corretor,Perdizes,São Paulo,Indicado pela rede de confiança do Platô Perdizes.
,00000000-0000-4000-bfee-e33b750a5a85,buffet,Perdizes,São Paulo,Indicado pela rede de confiança do Platô Perdizes.
,00000000-0000-4000-b199-dd6db33ad456,reforma,Perdizes,São Paulo,Indicado pela rede de confiança do Platô Perdizes.
,00000000-0000-4000-b803-31e8ec821185,pet shop,Perdizes,São Paulo,São creche e hotel; os pets dela amam; já estão com alguns clientes do Platô e buscam os cães aqui todos os dias
,00000000-0000-4000-b0c9-23dc3979d1fc,pet shop,Perdizes,São Paulo,Indicado pela rede de confiança do Platô Perdizes.
,00000000-0000-4000-b009-15143d5236da,pet shop,Perdizes,São Paulo,"Oferece creche, hotelzinho e banho; mandam fotos e dá pra acompanhar no Instagram; foram super humanos durante o falecimento da mãe; fica na Desembargador"
,00000000-0000-4000-b283-2a2c364a72d3,professor,Perdizes,São Paulo,Dá aula para o filho dela e outra criança
,00000000-0000-4000-b6a1-8a26935d4f48,professor,Perdizes,São Paulo,Indicado pela rede de confiança do Platô Perdizes.
,00000000-0000-4000-b309-c64d3e4858d6,professor,Perdizes,São Paulo,Indicado pela rede de confiança do Platô Perdizes.
,00000000-0000-4000-bcd2-02071bf01e5a,professor,Perdizes,São Paulo,Tem uns 4 alunos de natação no prédio
,00000000-0000-4000-b5e9-670fe269a966,professor,Perdizes,São Paulo,Indicado pela rede de confiança do Platô Perdizes.
,00000000-0000-4000-ba96-9f01040d3586,médico,Perdizes,São Paulo,"Super solícitos, entregam mega rápido e sem custo"
,00000000-0000-4000-b714-a32a4e27880e,buffet,Perdizes,São Paulo,Fica aqui na rua mesmo
,00000000-0000-4000-bd59-025a223d9b3b,buffet,Perdizes,São Paulo,Esse é top; fica na Cotoxó
,00000000-0000-4000-baed-a908ae2658df,marmoraria,Perdizes,São Paulo,Indicado pela rede de confiança do Platô Perdizes.
,00000000-0000-4000-bd3e-61fe2ea3f7bf,aquecedor a gás,Perdizes,São Paulo,Indicado pela rede de confiança do Platô Perdizes.
,00000000-0000-4000-bb65-8f79818b93b4,pet shop,Perdizes,São Paulo,Preço ótimo (Spitz 80; Golden 150); Cido é um querido e muito experiente; o melhor que já encontrou na região
,00000000-0000-4000-be31-6d01fa52034b,assistência técnica,Perdizes,São Paulo,"Fica na rua Duílio, 411"
,00000000-0000-4000-b714-322ad12019a6,assistência técnica,Perdizes,São Paulo,Indicado pela rede de confiança do Platô Perdizes.
,00000000-0000-4000-b735-9d8e299820a6,assistência técnica,Perdizes,São Paulo,Indicado pela rede de confiança do Platô Perdizes.
,00000000-0000-4000-b98b-80fef2ef817c,ginecologista,Perdizes,São Paulo,Indicado pela rede de confiança do Platô Perdizes.
,00000000-0000-4000-bd46-fc3a386fb8a4,ginecologista,Perdizes,São Paulo,Indicado pela rede de confiança do Platô Perdizes.
,00000000-0000-4000-b425-e594046d4e7d,ginecologista,Perdizes,São Paulo,É uma querida; já recomendou para muitas pessoas e todos adoram; fica no Itaim
,00000000-0000-4000-b07d-c9df97578dbb,ginecologista,Perdizes,São Paulo,Indicado pela rede de confiança do Platô Perdizes.
,00000000-0000-4000-b189-aa3c7ea6e812,diarista,Perdizes,São Paulo,Muito boa
,00000000-0000-4000-bbc1-08ea3deff657,advogado,Perdizes,São Paulo,"Já comprou diversas vezes; traz em casa ou você retira, como preferir"
,00000000-0000-4000-bfe8-3d09eddf4452,advogado,Perdizes,São Paulo,"Para urgência tem a do Eldorado, horários flexíveis e muitas moedas disponíveis na hora"
,00000000-0000-4000-b41f-bb46148888a4,dentista,Perdizes,São Paulo,Fica aqui na rua
,00000000-0000-4000-bd76-ea934676d568,dentista,Perdizes,São Paulo,Indicado pela rede de confiança do Platô Perdizes.
,00000000-0000-4000-b762-303e4ff0e1f7,dentista,Perdizes,São Paulo,"Dra Carol é ótima; fica no prédio em frente do Plato, só atravessar a rua"
,00000000-0000-4000-b581-af464ba0a9a7,dentista,Perdizes,São Paulo,Indicado pela rede de confiança do Platô Perdizes.
,00000000-0000-4000-b43e-b5018980b4e9,médico,Perdizes,São Paulo,Indicado pela rede de confiança do Platô Perdizes.
,00000000-0000-4000-b70f-a020edfcdab6,eletricista,Perdizes,São Paulo,Indicado pela rede de confiança do Platô Perdizes.
,00000000-0000-4000-b011-690b447f348c,reforma,Perdizes,São Paulo,Indicado pela rede de confiança do Platô Perdizes.
,00000000-0000-4000-b0c8-1ea1e8343ead,reforma,Perdizes,São Paulo,Indicado pela rede de confiança do Platô Perdizes.
,00000000-0000-4000-b1e8-8b95d9c0372c,piso,Perdizes,São Paulo,Indicado pela rede de confiança do Platô Perdizes.
,00000000-0000-4000-b139-0c48fb420a5c,piso,Perdizes,São Paulo,Excelente e ótimo preço
,00000000-0000-4000-bb47-109452fce0a6,marceneiro,Perdizes,São Paulo,Fez todo o apartamento dele; cumpriu rigorosamente os prazos; vale consultar
,00000000-0000-4000-bb1d-cd55e80691df,buffet,Perdizes,São Paulo,Maurício é super prestativo e ama falar de café; lugar super charmoso com cafés incríveis; vende bolo gelado por unidade
,00000000-0000-4000-b21a-cfa476f09a10,dentista,Perdizes,São Paulo,"Atende na Afonso Bovero, é excelente"
,00000000-0000-4000-bcf7-839b6b62b54b,serviços gerais,Perdizes,São Paulo,Cotação feita ali na Cotoxó (Loja Pintar)
,00000000-0000-4000-b294-c6e3022d61fe,serviços gerais,Perdizes,São Paulo,"Melhor preço, loja bem grande, mais margem e negociação (inclusive por CNPJ); entregam em casa e instalam, bem fácil; foi a que Dani fechou"
,00000000-0000-4000-b31c-07f80fa74fe2,mudança,Perdizes,São Paulo,"Foram excelentes, recomendo"
,00000000-0000-4000-b184-9a11fde1e9ed,marmoraria,Perdizes,São Paulo,Indicado pela rede de confiança do Platô Perdizes.
,00000000-0000-4000-b104-8471a23d36ae,assistência técnica,Perdizes,São Paulo,Indicado pela rede de confiança do Platô Perdizes.
,00000000-0000-4000-b666-08afe11b918c,cortinas,Perdizes,São Paulo,Indicado pela rede de confiança do Platô Perdizes.
,00000000-0000-4000-bf79-d7fb2c9a63d0,cortinas,Perdizes,São Paulo,Indicado pela rede de confiança do Platô Perdizes.
,00000000-0000-4000-b0be-2236d26eb1c4,cortinas,Perdizes,São Paulo,Indicado pela rede de confiança do Platô Perdizes.
,00000000-0000-4000-bb3f-8cc4c93a7b2b,cortinas,Perdizes,São Paulo,Atende o filho há um bom tempo e ainda vem em casa
,00000000-0000-4000-b9d8-afb31daad39c,cortinas,Perdizes,São Paulo,Mora próximo e atende a domicílio
,00000000-0000-4000-b15d-ba01dcdf4967,cortinas,Perdizes,São Paulo,Indicado pela rede de confiança do Platô Perdizes.
,00000000-0000-4000-b1a8-602383e7fec4,cortinas,Perdizes,São Paulo,Eles fazem venezianas
,00000000-0000-4000-b075-653e9601e5cd,cortinas,Perdizes,São Paulo,"No nome do contato está persiana, mas é veneziana"
,00000000-0000-4000-bb61-e0a9fc215204,reforma,Perdizes,São Paulo,Nenhuma taxa obrigatória
,00000000-0000-4000-b7e7-e0a8854e110e,cortinas,Perdizes,São Paulo,Indicado pela rede de confiança do Platô Perdizes.
,00000000-0000-4000-bb42-83d3b0d08a9e,cortinas,Perdizes,São Paulo,Indicado pela rede de confiança do Platô Perdizes.
,00000000-0000-4000-b7ab-8155102211ea,reforma,Perdizes,São Paulo,Fábrica que fez as portas do prédio; comprou direto com ela.
,00000000-0000-4000-bf90-e2f42e5e9707,churrasqueiro,Perdizes,São Paulo,Faz eventos para o indicador; é bom.
,00000000-0000-4000-b05d-236fc59fad4a,churrasqueiro,Perdizes,São Paulo,Indicado pela rede de confiança do Platô Perdizes.
,00000000-0000-4000-bc94-8e303b7728e9,churrasqueiro,Perdizes,São Paulo,Era funcionário do Colégio Sagrado; costumavam contratá-lo para churrasco em encontros de turma.
,00000000-0000-4000-b83b-5f0f4e7b8417,churrasqueiro,Perdizes,São Paulo,Indicado pela rede de confiança do Platô Perdizes.
,00000000-0000-4000-b254-29fcb8cb78a6,churrasqueiro,Perdizes,São Paulo,Indicado pela rede de confiança do Platô Perdizes.
,00000000-0000-4000-bfc0-1937dc39a3df,churrasqueiro,Perdizes,São Paulo,"Fizeram a festa da empresa com ele, foi muito bom, churrasco gourmet de verdade; cardápio modificável conforme desejar."
,00000000-0000-4000-b4de-317b02bdd8bd,cortinas,Perdizes,São Paulo,Indicado pela rede de confiança do Platô Perdizes.
,00000000-0000-4000-bf90-b848801e5625,aquecedor a gás,Perdizes,São Paulo,Indicado pela rede de confiança do Platô Perdizes.
,00000000-0000-4000-b881-82544ccb2647,reforma,Perdizes,São Paulo,Indicação para quem precisa mudar pontos de hidráulica.
,00000000-0000-4000-b0d0-7013f98d3f67,encanador,Perdizes,São Paulo,Indicado para socorrer no problema ('Vitor irá te socorrer').
,00000000-0000-4000-ba51-13bece0f3972,pet shop,Perdizes,São Paulo,A Mônica vem em casa e faz tosa e banho; é maravilhosa.
,00000000-0000-4000-b11e-038bab140177,diarista,Perdizes,São Paulo,Diarista que trabalha na casa do indicador; ótimo trabalho.
,00000000-0000-4000-bfbb-120c7034d5fb,marmoraria,Perdizes,São Paulo,Fizeram o furo para o indicador.
,00000000-0000-4000-bbe5-6e91335c7e75,diarista,Perdizes,São Paulo,Leva na Dryclean da Caiubi.
,00000000-0000-4000-b0c9-0a7283ff2995,serviços gerais,Perdizes,São Paulo,Indicado pela rede de confiança do Platô Perdizes.
,00000000-0000-4000-bbce-1f1570f0d2ca,buffet,Perdizes,São Paulo,Indicado pela rede de confiança do Platô Perdizes.
,00000000-0000-4000-bc9f-6b4b50ff0e37,personal organizer,Perdizes,São Paulo,Indicado pela rede de confiança do Platô Perdizes.
,00000000-0000-4000-b442-d163e536f629,beleza,Perdizes,São Paulo,Faz cabelo e maquiagem muito bem.
,00000000-0000-4000-b616-3c9aa4f15a34,beleza,Perdizes,São Paulo,Já veio várias vezes atender; atende toda a família; ótimo custo benefício.
,00000000-0000-4000-b649-5f4972c8f95f,beleza,Perdizes,São Paulo,Indicado pela rede de confiança do Platô Perdizes.
,00000000-0000-4000-b742-a5fad8c11844,beleza,Perdizes,São Paulo,Indicado pela rede de confiança do Platô Perdizes.
,00000000-0000-4000-b9c2-77b1e5373ece,beleza,Perdizes,São Paulo,Indicado pela rede de confiança do Platô Perdizes.
,00000000-0000-4000-b77d-1b8426115dfa,beleza,Perdizes,São Paulo,Indicado pela rede de confiança do Platô Perdizes.
,00000000-0000-4000-b92d-72db5f391d72,buffet,Perdizes,São Paulo,Pode avaliar pelo Instagram.
,00000000-0000-4000-b017-9313729d6e81,buffet,Perdizes,São Paulo,Pode avaliar pelo Instagram.
,00000000-0000-4000-b982-10b5f57de40f,buffet,Perdizes,São Paulo,Pode avaliar pelo Instagram.
,00000000-0000-4000-b06c-7b2ab56e4505,tapeceiro,Perdizes,São Paulo,Fez um serviço impecável com preço ótimo no outro apto há 18 meses.
,00000000-0000-4000-b5b4-8867b56f7fe3,buffet,Perdizes,São Paulo,Indicado pela rede de confiança do Platô Perdizes.
,00000000-0000-4000-b482-3b8220b3000c,advogado,Perdizes,São Paulo,Funcionária da Even que toca os processos de financiamento
,00000000-0000-4000-b501-1ad59948ebae,advogado,Perdizes,São Paulo,Indicado pela rede de confiança do Platô Perdizes.
,00000000-0000-4000-b9ea-ccd9620f2347,aquecedor a gás,Perdizes,São Paulo,"Orçamento de máquinas (todas cassete) por R$17.462,50; abertura para negociar mais de uma unidade"
,00000000-0000-4000-bf1f-9405619b9f0d,marceneiro,Perdizes,São Paulo,Rapaz que faz obra para ela
,00000000-0000-4000-b807-b54f493d52ba,aquecedor a gás,Perdizes,São Paulo,Também é bom; faz ambos (multisplit e VRF)
,00000000-0000-4000-bba1-9d469eadc2e1,eletricista,Perdizes,São Paulo,"Automatiza tudo: bom dia, café, comida da gata; 'manda muito'"
,00000000-0000-4000-b1da-e8a72bc5689a,marceneiro,Perdizes,São Paulo,"É 10; já trabalham com ele faz uns 10 anos; tem arquiteta, tudo incluso no preço"
,00000000-0000-4000-b776-bf9f27042812,marceneiro,Perdizes,São Paulo,Indicado pela rede de confiança do Platô Perdizes.
,00000000-0000-4000-bd35-dd4a87baa92a,marceneiro,Perdizes,São Paulo,Fecharam com a Criare e estão bem satisfeitos; diferença enorme de valor
,00000000-0000-4000-bb98-81e03c48bdf5,advogado,Perdizes,São Paulo,As duas vezes que precisou falar atenderam super bem; já têm alguns documentos necessários em mãos
,00000000-0000-4000-b6bd-90d15f04e071,reforma,Perdizes,São Paulo,"Se não for o projeto mais barato e bom da vida, avisem (recomendação enfática)"
,00000000-0000-4000-b653-96759b662cc4,piso,Perdizes,São Paulo,Preço muito bom e qualidade; compensa cotar com ele antes de fechar
,00000000-0000-4000-b16a-c167522e13cd,reforma,Perdizes,São Paulo,Indicado pela rede de confiança do Platô Perdizes.
,00000000-0000-4000-b02c-523028e8aaf9,reforma,Perdizes,São Paulo,Engenheiro que poderá acompanhar a vistoria
,00000000-0000-4000-bafa-bead3bfac926,marmoraria,Perdizes,São Paulo,Amaram até agora; engenheiro e arquiteto vão acompanhar na vistoria; dá todo suporte; valor ~240/250k
,00000000-0000-4000-bb2c-39c91321969f,marmoraria,Perdizes,São Paulo,"Ficou 220k com tudo, bastante coisa no projeto; prazo de entrega 60 dias"
,00000000-0000-4000-b4ed-55fe3a20657b,reforma,Perdizes,São Paulo,Indicação da arquiteta; gostaram da forma como ele conduz
,00000000-0000-4000-bb90-a42778aca0f8,advogado,Perdizes,São Paulo,"Conveniado Even, atendeu super bem"
,00000000-0000-4000-bcc4-637ef06cfdbb,advogado,Perdizes,São Paulo,"Ajudou no processo; fechou com Itaú em 35 dias, contrato registrado com matrícula; 'esse é bom'; pelo Juliano conseguiu valor mais alto na Caixa do que na agência"
,00000000-0000-4000-babd-82d13eaa9607,marmoraria,Perdizes,São Paulo,Foram melhores entre uns 8 cotados
,00000000-0000-4000-b3a3-99745e41bf36,marmoraria,Perdizes,São Paulo,Indicado pela rede de confiança do Platô Perdizes.
,00000000-0000-4000-b62d-f8c67d0d17a6,pet shop,Perdizes,São Paulo,Indicado pela rede de confiança do Platô Perdizes.
,00000000-0000-4000-b0ac-c7635e3d97d1,eletricista,Perdizes,São Paulo,Indicado pela rede de confiança do Platô Perdizes.
,00000000-0000-4000-bf62-9a12c164b81e,aquecedor a gás,Perdizes,São Paulo,Indicado pela rede de confiança do Platô Perdizes.
,00000000-0000-4000-b23a-62c5c6228310,aquecedor a gás,Perdizes,São Paulo,Fechamos infra e ar com ele. Preço muito bom!!!
,00000000-0000-4000-b0c3-81464a632a06,marmoraria,Perdizes,São Paulo,Fechei com esta empresa. Eles fazem preço bom pra pedras exóticas.
,00000000-0000-4000-b66a-2078f29f720a,piso,Perdizes,São Paulo,"Eu fechei os pisos com eles. Meu apto atual eu já tinha feito com eles, são muito bons e o preço é bom também."
,00000000-0000-4000-b9ad-7f74f1410540,mudança,Perdizes,São Paulo,Indicado pela rede de confiança do Platô Perdizes.
,00000000-0000-4000-b6a0-98058dadf5b3,vidraceiro,Perdizes,São Paulo,Está resolvendo problema sério da estrutura do ar condicionado instalado pela Even
,00000000-0000-4000-bebf-296cfb78b7d2,diarista,Perdizes,São Paulo,Me indicaram essa pessoa
,00000000-0000-4000-b4b5-c8d1b1f36a2a,vidraceiro,Perdizes,São Paulo,Indicado pela rede de confiança do Platô Perdizes.
,00000000-0000-4000-ba74-4d207538b931,reforma,Perdizes,São Paulo,Indicado pela rede de confiança do Platô Perdizes.
,00000000-0000-4000-b721-7221dabad916,serviços gerais,Perdizes,São Paulo,Já tem no prédio; é fibra
,00000000-0000-4000-b540-fa831e32a0e4,cortinas,Perdizes,São Paulo,"Preço justo, excelente atendimento e qualidade"
,00000000-0000-4000-bf35-ae25ce05069d,confeitaria,Perdizes,São Paulo,Indicado pela rede de confiança do Platô Perdizes.
,00000000-0000-4000-b6ef-ae025ccc0e64,confeitaria,Perdizes,São Paulo,Indicado pela rede de confiança do Platô Perdizes.
,00000000-0000-4000-b286-bc5d218d75dc,marceneiro,Perdizes,São Paulo,Ele é top
,00000000-0000-4000-bed2-f9e650b9c3bf,diarista,Perdizes,São Paulo,"Eu gosto muito do trabalho dela, ela vem aqui em casa. Limpa, passa roupa e ainda cozinha super bem!"
,00000000-0000-4000-b8ee-26a00b8000da,médico,Perdizes,São Paulo,"Maravilhosa, ela cuida da minha família há mais de 10 anos, super indicação"
,00000000-0000-4000-b776-2def7ad50895,diarista,Perdizes,São Paulo,A Lidi faz faxina e cozinha mto bem. Mão mineira! E também cuida de criança
